Orthogroup_ID	transcript_ID_native	Flybase	CAFE_p-value	A_obtectus_num_GF_members	A_verrucosus_num_GF_members	B_siliquastri_num_GF_members	C_chinensis_num_GF_members	C_maculatus_num_GF_members	C_septempunctata_num_GF_members	D_melanogaster_num_GF_members	D_ponderosae_num_GF_members	I_luminosus_num_GF_members	max_delta_GF
N0.HOG0000005	rna-NM_166229.3	FBgn0028953	0.008	1	1	1	7	1	1	1	1	2	6
N0.HOG0000006	rna-NM_141770.3	FBgn0037844	0.0	9	2	1	300	2	1	1	1	7	299
N0.HOG0000008	rna-NM_133101.4	FBgn0030963	0.0	7	4	1	13	3	1	1	4	4	12
N0.HOG0000009	rna-NM_176128.5	FBgn0283521	0.0	26	16	16	46	23	1	1	38	37	45
N0.HOG0000014	rna-NM_136546.3	FBgn0033304	0.0	9	29	17	7	11	7	12	3	60	57
N0.HOG0000014	rna-NM_143761.4	FBgn0015714	0.0	9	29	17	7	11	7	12	3	60	57
N0.HOG0000014	rna-NM_137156.3	FBgn0033978	0.0	9	29	17	7	11	7	12	3	60	57
N0.HOG0000014	rna-NM_137157.4	FBgn0033979	0.0	9	29	17	7	11	7	12	3	60	57
N0.HOG0000014	rna-NM_079025.5	FBgn0013772	0.0	9	29	17	7	11	7	12	3	60	57
N0.HOG0000014	rna-NM_143306.3	FBgn0039519	0.0	9	29	17	7	11	7	12	3	60	57
N0.HOG0000014	rna-NM_078904.2	FBgn0000473	0.0	9	29	17	7	11	7	12	3	60	57
N0.HOG0000014	rna-NM_079024.3	FBgn0013771	0.0	9	29	17	7	11	7	12	3	60	57
N0.HOG0000014	rna-NM_137159.4	FBgn0288232	0.0	9	29	17	7	11	7	12	3	60	57
N0.HOG0000014	rna-NM_001299502.1	FBgn0013773	0.0	9	29	17	7	11	7	12	3	60	57
N0.HOG0000014	rna-NM_001299221.1	FBgn0033121	0.0	9	29	17	7	11	7	12	3	60	57
N0.HOG0000014	rna-NM_001299506.1	FBgn0033982	0.0	9	29	17	7	11	7	12	3	60	57
N0.HOG0000016	rna-NM_143799.3	FBgn0026148	0.0	57	13	4	30	44	14	1	6	4	56
N0.HOG0000017	rna-NM_136949.2	FBgn0033750	0.0	49	1	1	114	31	4	1	7	43	113
N0.HOG0000020	rna-NM_143422.3	FBgn0039645	0.0	7	34	6	9	11	6	3	9	13	31
N0.HOG0000020	rna-NM_137727.3	FBgn0034612	0.0	7	34	6	9	11	6	3	9	13	31
N0.HOG0000020	rna-NM_143421.3	FBgn0039644	0.0	7	34	6	9	11	6	3	9	13	31
N0.HOG0000023	rna-NM_176714.3	FBgn0030073	0.0	6	31	11	2	6	5	8	12	38	36
N0.HOG0000023	rna-NM_001042846.3	FBgn0263830	0.0	6	31	11	2	6	5	8	12	38	36
N0.HOG0000023	rna-NM_001042848.2	FBgn0069973	0.0	6	31	11	2	6	5	8	12	38	36
N0.HOG0000023	rna-NM_132467.3	FBgn0026268	0.0	6	31	11	2	6	5	8	12	38	36
N0.HOG0000023	rna-NM_132518.3	FBgn0030332	0.0	6	31	11	2	6	5	8	12	38	36
N0.HOG0000023	rna-NM_169954.2	FBgn0038878	0.0	6	31	11	2	6	5	8	12	38	36
N0.HOG0000023	rna-NM_140407.2	FBgn0036380	0.0	6	31	11	2	6	5	8	12	38	36
N0.HOG0000023	rna-NM_135147.3	FBgn0031775	0.0	6	31	11	2	6	5	8	12	38	36
N0.HOG0000035	rna-NM_136976.2	FBgn0033775	0.0	7	24	3	6	5	7	6	11	44	41
N0.HOG0000035	rna-NM_079126.3	FBgn0015040	0.0	7	24	3	6	5	7	6	11	44	41
N0.HOG0000035	rna-NM_078922.4	FBgn0015039	0.0	7	24	3	6	5	7	6	11	44	41
N0.HOG0000035	rna-NM_078921.4	FBgn0015038	0.0	7	24	3	6	5	7	6	11	44	41
N0.HOG0000035	rna-NM_141932.3	FBgn0038037	0.0	7	24	3	6	5	7	6	11	44	41
N0.HOG0000035	rna-NM_001363930.1	FBgn0038034	0.0	7	24	3	6	5	7	6	11	44	41
N0.HOG0000037	rna-NM_139889.2	FBgn0035807	0.0	84	1	14	36	9	9	1	2	25	83
N0.HOG0000041	rna-NM_142433.2	FBgn0038581	0.0	9	23	13	9	12	14	3	7	35	32
N0.HOG0000041	rna-NM_206689.2	FBgn0030317	0.0	9	23	13	9	12	14	3	7	35	32
N0.HOG0000041	rna-NM_140938.3	FBgn0036956	0.0	9	23	13	9	12	14	3	7	35	32
N0.HOG0000045	rna-NM_001258741.2	FBgn0262534	0.0	37	1	1	16	32	23	1	5	20	36
N0.HOG0000047	rna-NM_141579.3	FBgn0037633	0.0	72	2	1	65	13	5	1	3	26	71
N0.HOG0000049	rna-NM_137601.4	FBgn0034471	0.0	6	23	10	6	6	4	4	10	15	19
N0.HOG0000049	rna-NM_001299690.1	FBgn0034470	0.0	6	23	10	6	6	4	4	10	15	19
N0.HOG0000049	rna-NM_137598.3	FBgn0034468	0.0	6	23	10	6	6	4	4	10	15	19
N0.HOG0000049	rna-NM_001202050.1	FBgn0034475	0.0	6	23	10	6	6	4	4	10	15	19
N0.HOG0000052	rna-NM_140661.3	FBgn0036659	0.0	15	18	15	9	17	5	1	10	24	23
N0.HOG0000061	rna-NM_138120.3	FBgn0027590	0.0	1	11	1	1	1	3	3	1	25	24
N0.HOG0000061	rna-NM_137495.3	FBgn0034354	0.0	1	11	1	1	1	3	3	1	25	24
N0.HOG0000061	rna-NM_001201960.1	FBgn0033381	0.0	1	11	1	1	1	3	3	1	25	24
N0.HOG0000064	rna-NM_143100.2	FBgn0039297	0.0	2	31	3	2	4	4	2	2	13	29
N0.HOG0000064	rna-NM_079773.2	FBgn0039298	0.0	2	31	3	2	4	4	2	2	13	29
N0.HOG0000069	rna-NM_001043252.3	FBgn0038431	0.0	3	6	6	3	8	6	1	2	33	32
N0.HOG0000073	rna-NM_001300182.1	FBgn0036842	0.0	4	6	2	6	5	10	1	6	9	9
N0.HOG0000079	rna-NM_142911.4	FBgn0039102	0.0	1	2	1	1	1	1	5	1	33	32
N0.HOG0000079	rna-NM_132354.3	FBgn0019929	0.0	1	2	1	1	1	1	5	1	33	32
N0.HOG0000079	rna-NM_001316492.1	FBgn0027930	0.0	1	2	1	1	1	1	5	1	33	32
N0.HOG0000079	rna-NM_079638.3	FBgn0000533	0.0	1	2	1	1	1	1	5	1	33	32
N0.HOG0000079	rna-NM_142123.3	FBgn0038250	0.0	1	2	1	1	1	1	5	1	33	32
N0.HOG0000091	rna-NM_135581.2	FBgn0032271	0.006	5	8	5	3	4	2	6	1	16	15
N0.HOG0000091	rna-NM_078816.4	FBgn0023496	0.006	5	8	5	3	4	2	6	1	16	15
N0.HOG0000091	rna-NM_001273427.1	FBgn0032264	0.006	5	8	5	3	4	2	6	1	16	15
N0.HOG0000091	rna-NM_135575.2	FBgn0032265	0.006	5	8	5	3	4	2	6	1	16	15
N0.HOG0000091	rna-NM_135576.3	FBgn0032266	0.006	5	8	5	3	4	2	6	1	16	15
N0.HOG0000091	rna-NM_164939.2	FBgn0051871	0.006	5	8	5	3	4	2	6	1	16	15
N0.HOG0000092	rna-NM_140972.3	FBgn0036996	0.0	2	2	2	2	1	4	5	3	47	46
N0.HOG0000092	rna-NM_057983.4	FBgn0023495	0.0	2	2	2	2	1	4	5	3	47	46
N0.HOG0000092	rna-NM_001299512.1	FBgn0033999	0.0	2	2	2	2	1	4	5	3	47	46
N0.HOG0000092	rna-NM_141962.4	FBgn0038070	0.0	2	2	2	2	1	4	5	3	47	46
N0.HOG0000092	rna-NM_001014548.2	FBgn0034990	0.0	2	2	2	2	1	4	5	3	47	46
N0.HOG0000093	rna-NM_001273947.1	FBgn0017414	0.0	42	1	7	35	15	12	1	1	14	41
N0.HOG0000095	rna-NM_001275079.1	FBgn0036778	0.0	6	12	14	6	12	3	13	4	20	17
N0.HOG0000095	rna-NM_057559.4	FBgn0005670	0.0	6	12	14	6	12	3	13	4	20	17
N0.HOG0000095	rna-NM_080032.3	FBgn0015034	0.0	6	12	14	6	12	3	13	4	20	17
N0.HOG0000095	rna-NM_001299267.1	FBgn0014469	0.0	6	12	14	6	12	3	13	4	20	17
N0.HOG0000095	rna-NM_078803.2	FBgn0015035	0.0	6	12	14	6	12	3	13	4	20	17
N0.HOG0000095	rna-NM_136536.3	FBgn0033292	0.0	6	12	14	6	12	3	13	4	20	17
N0.HOG0000095	rna-NM_139466.5	FBgn0035344	0.0	6	12	14	6	12	3	13	4	20	17
N0.HOG0000095	rna-NM_135285.3	FBgn0031925	0.0	6	12	14	6	12	3	13	4	20	17
N0.HOG0000095	rna-NM_001272250.2	FBgn0023541	0.0	6	12	14	6	12	3	13	4	20	17
N0.HOG0000095	rna-NM_001297877.1	FBgn0011576	0.0	6	12	14	6	12	3	13	4	20	17
N0.HOG0000095	rna-NM_080305.4	FBgn0015036	0.0	6	12	14	6	12	3	13	4	20	17
N0.HOG0000095	rna-NM_079237.3	FBgn0015033	0.0	6	12	14	6	12	3	13	4	20	17
N0.HOG0000095	rna-NM_139872.2	FBgn0035790	0.0	6	12	14	6	12	3	13	4	20	17
N0.HOG0000101	rna-NM_001032123.2	FBgn0053809	0.0	6	1	1	8	1	4	4	1	1	7
N0.HOG0000101	rna-NM_001032162.2	FBgn0053833	0.0	6	1	1	8	1	4	4	1	1	7
N0.HOG0000101	rna-NM_001272445.2	FBgn0004828	0.0	6	1	1	8	1	4	4	1	1	7
N0.HOG0000101	rna-NM_078755.3	FBgn0014857	0.0	6	1	1	8	1	4	4	1	1	7
N0.HOG0000106	rna-NM_001032152.2	FBgn0053827	0.003	2	1	1	3	1	4	2	1	1	3
N0.HOG0000106	rna-NM_001032192.2	FBgn0053851	0.003	2	1	1	3	1	4	2	1	1	3
N0.HOG0000115	rna-NM_001032114.2	FBgn0053803	0.003	1	1	1	7	2	1	2	1	1	6
N0.HOG0000115	rna-NM_001032137.2	FBgn0053818	0.003	1	1	1	7	2	1	2	1	1	6
N0.HOG0000119	rna-NM_079381.3	FBgn0011693	0.0	8	8	7	6	7	5	6	9	27	22
N0.HOG0000119	rna-NM_001298848.1	FBgn0000640	0.0	8	8	7	6	7	5	6	9	27	22
N0.HOG0000119	rna-NM_001032095.2	FBgn0000055	0.0	8	8	7	6	7	5	6	9	27	22
N0.HOG0000119	rna-NM_058147.4	FBgn0000056	0.0	8	8	7	6	7	5	6	9	27	22
N0.HOG0000119	rna-NM_144416.2	FBgn0042137	0.0	8	8	7	6	7	5	6	9	27	22
N0.HOG0000119	rna-NM_140628.3	FBgn0036620	0.0	8	8	7	6	7	5	6	9	27	22
N0.HOG0000126	rna-NM_140301.2	FBgn0036264	0.0	1	1	1	1	1	1	1	1	4	3
N0.HOG0000127	rna-NM_139754.2	FBgn0035663	0.0	1	19	1	1	1	1	2	5	1	18
N0.HOG0000127	rna-NM_140738.2	FBgn0036738	0.0	1	19	1	1	1	1	2	5	1	18
N0.HOG0000128	rna-NM_134765.3	FBgn0031351	0.0	37	2	1	23	14	4	1	8	11	36
N0.HOG0000139	rna-NM_132264.3	FBgn0030051	0.0	5	7	4	3	3	6	3	5	15	12
N0.HOG0000139	rna-NM_141997.2	FBgn0038113	0.0	5	7	4	3	3	6	3	5	15	12
N0.HOG0000139	rna-NM_079614.3	FBgn0003450	0.0	5	7	4	3	3	6	3	5	15	12
N0.HOG0000148	rna-NM_176323.2	FBgn0000594	0.0	10	17	9	6	9	3	2	4	22	20
N0.HOG0000148	rna-NM_176322.3	FBgn0000592	0.0	10	17	9	6	9	3	2	4	22	20
N0.HOG0000155	rna-NM_142635.2	FBgn0043457	0.0	5	1	5	26	4	1	1	1	1	25
N0.HOG0000160	rna-NM_137971.3	FBgn0034887	0.0	9	10	2	6	10	1	1	1	39	38
N0.HOG0000162	rna-NM_080523.4	FBgn0000326	0.0	3	10	3	2	3	3	13	4	6	11
N0.HOG0000162	rna-NM_079545.4	FBgn0015568	0.0	3	10	3	2	3	3	13	4	6	11
N0.HOG0000162	rna-NM_137834.3	FBgn0034736	0.0	3	10	3	2	3	3	13	4	6	11
N0.HOG0000162	rna-NM_001275416.2	FBgn0015570	0.0	3	10	3	2	3	3	13	4	6	11
N0.HOG0000162	rna-NM_169187.3	FBgn0015577	0.0	3	10	3	2	3	3	13	4	6	11
N0.HOG0000162	rna-NM_079535.3	FBgn0015576	0.0	3	10	3	2	3	3	13	4	6	11
N0.HOG0000162	rna-NM_001260033.2	FBgn0015569	0.0	3	10	3	2	3	3	13	4	6	11
N0.HOG0000162	rna-NM_079537.4	FBgn0015575	0.0	3	10	3	2	3	3	13	4	6	11
N0.HOG0000162	rna-NM_001300281.1	FBgn0015571	0.0	3	10	3	2	3	3	13	4	6	11
N0.HOG0000162	rna-NM_079538.3	FBgn0015574	0.0	3	10	3	2	3	3	13	4	6	11
N0.HOG0000162	rna-NM_001260036.2	FBgn0261393	0.0	3	10	3	2	3	3	13	4	6	11
N0.HOG0000162	rna-NM_079542.4	FBgn0015572	0.0	3	10	3	2	3	3	13	4	6	11
N0.HOG0000162	rna-NM_001300558.1	FBgn0039084	0.0	3	10	3	2	3	3	13	4	6	11
N0.HOG0000168	rna-NM_001032159.2	FBgn0053890	0.0	33	3	1	3	1	21	23	1	1	32
N0.HOG0000168	rna-NM_001032184.2	FBgn0053880	0.0	33	3	1	3	1	21	23	1	1	32
N0.HOG0000168	rna-NM_001032169.2	FBgn0053886	0.0	33	3	1	3	1	21	23	1	1	32
N0.HOG0000168	rna-NM_001032214.2	FBgn0053868	0.0	33	3	1	3	1	21	23	1	1	32
N0.HOG0000168	rna-NM_001032204.2	FBgn0053872	0.0	33	3	1	3	1	21	23	1	1	32
N0.HOG0000168	rna-NM_001032116.2	FBgn0053908	0.0	33	3	1	3	1	21	23	1	1	32
N0.HOG0000168	rna-NM_001032149.2	FBgn0053894	0.0	33	3	1	3	1	21	23	1	1	32
N0.HOG0000168	rna-NM_001032179.2	FBgn0053882	0.0	33	3	1	3	1	21	23	1	1	32
N0.HOG0000168	rna-NM_001032139.2	FBgn0053898	0.0	33	3	1	3	1	21	23	1	1	32
N0.HOG0000168	rna-NM_001032154.2	FBgn0053892	0.0	33	3	1	3	1	21	23	1	1	32
N0.HOG0000168	rna-NM_001032199.2	FBgn0053874	0.0	33	3	1	3	1	21	23	1	1	32
N0.HOG0000168	rna-NM_001032194.2	FBgn0053876	0.0	33	3	1	3	1	21	23	1	1	32
N0.HOG0000168	rna-NM_001032174.2	FBgn0053884	0.0	33	3	1	3	1	21	23	1	1	32
N0.HOG0000168	rna-NM_001032125.2	FBgn0053904	0.0	33	3	1	3	1	21	23	1	1	32
N0.HOG0000168	rna-NM_001032164.2	FBgn0053888	0.0	33	3	1	3	1	21	23	1	1	32
N0.HOG0000168	rna-NM_001032120.2	FBgn0053906	0.0	33	3	1	3	1	21	23	1	1	32
N0.HOG0000168	rna-NM_001032189.2	FBgn0053878	0.0	33	3	1	3	1	21	23	1	1	32
N0.HOG0000168	rna-NM_001032144.2	FBgn0053896	0.0	33	3	1	3	1	21	23	1	1	32
N0.HOG0000168	rna-NM_001032134.2	FBgn0053900	0.0	33	3	1	3	1	21	23	1	1	32
N0.HOG0000168	rna-NM_001032129.2	FBgn0053902	0.0	33	3	1	3	1	21	23	1	1	32
N0.HOG0000168	rna-NM_001032209.2	FBgn0053870	0.0	33	3	1	3	1	21	23	1	1	32
N0.HOG0000168	rna-NM_165381.4	FBgn0061209	0.0	33	3	1	3	1	21	23	1	1	32
N0.HOG0000168	rna-NM_001032112.2	FBgn0053910	0.0	33	3	1	3	1	21	23	1	1	32
N0.HOG0000170	rna-NM_169113.3	FBgn0037387	0.0	6	7	8	8	12	9	1	6	2	11
N0.HOG0000175	rna-NM_079011.3	FBgn0013770	0.002	11	6	12	8	11	13	1	7	9	12
N0.HOG0000181	rna-NM_136899.4	FBgn0025454	0.0	4	9	3	1	5	5	6	4	24	23
N0.HOG0000181	rna-NM_136362.3	FBgn0033065	0.0	4	9	3	1	5	5	6	4	24	23
N0.HOG0000181	rna-NM_136901.2	FBgn0033697	0.0	4	9	3	1	5	5	6	4	24	23
N0.HOG0000181	rna-NM_134613.3	FBgn0031182	0.0	4	9	3	1	5	5	6	4	24	23
N0.HOG0000181	rna-NM_134559.3	FBgn0031126	0.0	4	9	3	1	5	5	6	4	24	23
N0.HOG0000181	rna-NM_136900.2	FBgn0033696	0.0	4	9	3	1	5	5	6	4	24	23
N0.HOG0000188	rna-NM_001042896.3	FBgn0028931	0.0	12	1	1	4	36	1	1	1	38	37
N0.HOG0000189	rna-NM_139760.2	FBgn0035670	0.0	9	5	5	5	7	2	4	10	22	20
N0.HOG0000189	rna-NM_139768.2	FBgn0035678	0.0	9	5	5	5	7	2	4	10	22	20
N0.HOG0000189	rna-NM_139759.2	FBgn0035669	0.0	9	5	5	5	7	2	4	10	22	20
N0.HOG0000189	rna-NM_001202197.1	FBgn0023197	0.0	9	5	5	5	7	2	4	10	22	20
N0.HOG0000195	rna-NM_134477.3	FBgn0031032	0.0	2	6	2	2	4	4	11	1	18	17
N0.HOG0000195	rna-NM_142903.3	FBgn0039093	0.0	2	6	2	2	4	4	11	1	18	17
N0.HOG0000195	rna-NM_142902.3	FBgn0039092	0.0	2	6	2	2	4	4	11	1	18	17
N0.HOG0000195	rna-NM_142901.2	FBgn0039091	0.0	2	6	2	2	4	4	11	1	18	17
N0.HOG0000195	rna-NM_001299444.1	FBgn0033792	0.0	2	6	2	2	4	4	11	1	18	17
N0.HOG0000195	rna-NM_206546.2	FBgn0053337	0.0	2	6	2	2	4	4	11	1	18	17
N0.HOG0000195	rna-NM_134478.2	FBgn0031033	0.0	2	6	2	2	4	4	11	1	18	17
N0.HOG0000195	rna-NM_134479.2	FBgn0031034	0.0	2	6	2	2	4	4	11	1	18	17
N0.HOG0000195	rna-NM_142702.2	FBgn0038873	0.0	2	6	2	2	4	4	11	1	18	17
N0.HOG0000195	rna-NM_134746.4	FBgn0259229	0.0	2	6	2	2	4	4	11	1	18	17
N0.HOG0000195	rna-NM_001298131.1	FBgn0030148	0.0	2	6	2	2	4	4	11	1	18	17
N0.HOG0000206	rna-NM_143522.4	FBgn0039754	0.005	1	6	1	1	2	2	1	4	2	5
N0.HOG0000224	rna-NM_001032113.2	FBgn0053909	0.0	1	1	1	1	1	7	2	1	1	6
N0.HOG0000224	rna-NM_001032161.2	FBgn0053889	0.0	1	1	1	1	1	7	2	1	1	6
N0.HOG0000236	rna-NM_137224.3	FBgn0034054	0.0	52	1	1	17	1	1	1	1	15	51
N0.HOG0000237	rna-NM_001272871.1	FBgn0051974	0.0	8	8	5	7	12	1	2	2	4	11
N0.HOG0000237	rna-NM_164369.3	FBgn0051975	0.0	8	8	5	7	12	1	2	2	4	11
N0.HOG0000248	rna-NM_001316609.1	FBgn0051233	0.018	5	5	3	2	2	1	5	3	4	4
N0.HOG0000248	rna-NM_169964.3	FBgn0051343	0.018	5	5	3	2	2	1	5	3	4	4
N0.HOG0000248	rna-NM_142722.1	FBgn0038897	0.018	5	5	3	2	2	1	5	3	4	4
N0.HOG0000248	rna-NM_169967.3	FBgn0259237	0.018	5	5	3	2	2	1	5	3	4	4
N0.HOG0000248	rna-NM_169966.2	FBgn0051198	0.018	5	5	3	2	2	1	5	3	4	4
N0.HOG0000249	rna-NM_001032121.2	FBgn0053808	0.001	1	2	1	1	1	19	17	1	1	18
N0.HOG0000249	rna-NM_001032180.2	FBgn0053844	0.001	1	2	1	1	1	19	17	1	1	18
N0.HOG0000249	rna-NM_001032140.2	FBgn0053820	0.001	1	2	1	1	1	19	17	1	1	18
N0.HOG0000249	rna-NM_001032175.2	FBgn0053841	0.001	1	2	1	1	1	19	17	1	1	18
N0.HOG0000249	rna-NM_001032135.2	FBgn0053817	0.001	1	2	1	1	1	19	17	1	1	18
N0.HOG0000249	rna-NM_001032145.2	FBgn0053823	0.001	1	2	1	1	1	19	17	1	1	18
N0.HOG0000249	rna-NM_001032155.2	FBgn0053829	0.001	1	2	1	1	1	19	17	1	1	18
N0.HOG0000249	rna-NM_001032160.2	FBgn0053832	0.001	1	2	1	1	1	19	17	1	1	18
N0.HOG0000249	rna-NM_001032190.2	FBgn0053850	0.001	1	2	1	1	1	19	17	1	1	18
N0.HOG0000249	rna-NM_001032215.2	FBgn0053865	0.001	1	2	1	1	1	19	17	1	1	18
N0.HOG0000249	rna-NM_001032170.2	FBgn0053838	0.001	1	2	1	1	1	19	17	1	1	18
N0.HOG0000249	rna-NM_001032150.2	FBgn0053826	0.001	1	2	1	1	1	19	17	1	1	18
N0.HOG0000249	rna-NM_165382.3	FBgn0051618	0.001	1	2	1	1	1	19	17	1	1	18
N0.HOG0000249	rna-NM_001032130.2	FBgn0053814	0.001	1	2	1	1	1	19	17	1	1	18
N0.HOG0000249	rna-NM_001032165.2	FBgn0053835	0.001	1	2	1	1	1	19	17	1	1	18
N0.HOG0000249	rna-NM_001032210.2	FBgn0053862	0.001	1	2	1	1	1	19	17	1	1	18
N0.HOG0000249	rna-NM_001032185.2	FBgn0053847	0.001	1	2	1	1	1	19	17	1	1	18
N0.HOG0000250	rna-NM_001032205.2	FBgn0053859	0.0	1	1	1	25	1	1	3	1	1	24
N0.HOG0000250	rna-NM_001032195.2	FBgn0053853	0.0	1	1	1	25	1	1	3	1	1	24
N0.HOG0000250	rna-NM_001032200.2	FBgn0053856	0.0	1	1	1	25	1	1	3	1	1	24
N0.HOG0000253	rna-NM_001015405.4	FBgn0287184	0.0	3	12	2	4	4	3	1	2	1	11
N0.HOG0000254	rna-NM_001032213.2	FBgn0053864	0.0	1	1	1	26	1	28	23	1	1	27
N0.HOG0000254	rna-NM_001032158.2	FBgn0053831	0.0	1	1	1	26	1	28	23	1	1	27
N0.HOG0000254	rna-NM_001032178.2	FBgn0053843	0.0	1	1	1	26	1	28	23	1	1	27
N0.HOG0000254	rna-NM_001032168.2	FBgn0053837	0.0	1	1	1	26	1	28	23	1	1	27
N0.HOG0000254	rna-NM_001032143.2	FBgn0053822	0.0	1	1	1	26	1	28	23	1	1	27
N0.HOG0000254	rna-NM_165380.4	FBgn0051617	0.0	1	1	1	26	1	28	23	1	1	27
N0.HOG0000254	rna-NM_001032133.2	FBgn0053816	0.0	1	1	1	26	1	28	23	1	1	27
N0.HOG0000254	rna-NM_001032124.2	FBgn0053810	0.0	1	1	1	26	1	28	23	1	1	27
N0.HOG0000254	rna-NM_001032138.2	FBgn0053819	0.0	1	1	1	26	1	28	23	1	1	27
N0.HOG0000254	rna-NM_001032188.2	FBgn0053849	0.0	1	1	1	26	1	28	23	1	1	27
N0.HOG0000254	rna-NM_001032115.2	FBgn0053804	0.0	1	1	1	26	1	28	23	1	1	27
N0.HOG0000254	rna-NM_001032119.2	FBgn0053807	0.0	1	1	1	26	1	28	23	1	1	27
N0.HOG0000254	rna-NM_001032183.2	FBgn0053846	0.0	1	1	1	26	1	28	23	1	1	27
N0.HOG0000254	rna-NM_001032128.2	FBgn0053813	0.0	1	1	1	26	1	28	23	1	1	27
N0.HOG0000254	rna-NM_001032173.2	FBgn0053840	0.0	1	1	1	26	1	28	23	1	1	27
N0.HOG0000254	rna-NM_001032111.2	FBgn0053801	0.0	1	1	1	26	1	28	23	1	1	27
N0.HOG0000254	rna-NM_001032193.2	FBgn0053852	0.0	1	1	1	26	1	28	23	1	1	27
N0.HOG0000254	rna-NM_001032148.2	FBgn0053825	0.0	1	1	1	26	1	28	23	1	1	27
N0.HOG0000254	rna-NM_001032153.2	FBgn0053828	0.0	1	1	1	26	1	28	23	1	1	27
N0.HOG0000254	rna-NM_001032203.2	FBgn0053858	0.0	1	1	1	26	1	28	23	1	1	27
N0.HOG0000254	rna-NM_001032198.2	FBgn0053855	0.0	1	1	1	26	1	28	23	1	1	27
N0.HOG0000254	rna-NM_001032163.2	FBgn0053834	0.0	1	1	1	26	1	28	23	1	1	27
N0.HOG0000254	rna-NM_001032208.2	FBgn0053861	0.0	1	1	1	26	1	28	23	1	1	27
N0.HOG0000256	rna-NM_143625.2	FBgn0039864	0.0	1	4	1	1	1	5	1	1	6	5
N0.HOG0000260	rna-NM_079556.3	FBgn0037591	0.0	2	4	2	2	1	1	6	4	29	28
N0.HOG0000260	rna-NM_079555.2	FBgn0037590	0.0	2	4	2	2	1	1	6	4	29	28
N0.HOG0000260	rna-NM_079557.3	FBgn0037594	0.0	2	4	2	2	1	1	6	4	29	28
N0.HOG0000260	rna-NM_079294.3	FBgn0036078	0.0	2	4	2	2	1	1	6	4	29	28
N0.HOG0000260	rna-NM_078987.3	FBgn0033727	0.0	2	4	2	2	1	1	6	4	29	28
N0.HOG0000260	rna-NM_206347.1	FBgn0041622	0.0	2	4	2	2	1	1	6	4	29	28
N0.HOG0000261	rna-NM_135134.3	FBgn0001089	0.0	6	3	8	8	19	1	2	8	3	18
N0.HOG0000261	rna-NM_141885.3	FBgn0260746	0.0	6	3	8	8	19	1	2	8	3	18
N0.HOG0000267	rna-NM_001260288.1	FBgn0263400	0.0	16	1	4	16	14	1	1	1	1	15
N0.HOG0000274	rna-NM_001299879.1	FBgn0011695	0.002	3	9	3	1	2	8	1	1	1	8
N0.HOG0000281	rna-NM_078495.3	FBgn0003747	0.001	5	9	6	6	1	4	3	5	4	8
N0.HOG0000281	rna-NM_168052.3	FBgn0052255	0.001	5	9	6	6	1	4	3	5	4	8
N0.HOG0000281	rna-NM_001031935.2	FBgn0045476	0.001	5	9	6	6	1	4	3	5	4	8
N0.HOG0000282	rna-NM_001103479.1	FBgn0083979	0.0	2	7	2	2	3	1	2	2	1	6
N0.HOG0000282	rna-NM_143641.1	FBgn0039879	0.0	2	7	2	2	3	1	2	2	1	6
N0.HOG0000285	rna-NM_001274111.1	FBgn0010226	0.0	6	12	2	3	3	1	1	3	3	11
N0.HOG0000298	rna-NM_141595.3	FBgn0260243	0.0	3	5	5	4	29	2	1	6	1	28
N0.HOG0000300	rna-NM_001316600.1	FBgn0261840	0.0	1	1	1	1	20	1	1	1	22	21
N0.HOG0000307	rna-NM_001169957.1	FBgn0259748	0.0	5	5	3	3	2	1	1	3	1	4
N0.HOG0000317	rna-NM_001259539.2	FBgn0034761	0.001	1	2	1	1	1	1	3	1	16	15
N0.HOG0000317	rna-NM_001316431.1	FBgn0050269	0.001	1	2	1	1	1	1	3	1	16	15
N0.HOG0000317	rna-NM_166542.4	FBgn0050273	0.001	1	2	1	1	1	1	3	1	16	15
N0.HOG0000345	rna-NM_001144751.2	FBgn0031144	0.0	6	1	11	1	15	1	1	1	4	14
N0.HOG0000350	rna-NM_001032224.2	FBgn0024293	0.0	2	4	1	1	5	1	16	1	10	15
N0.HOG0000350	rna-NM_135497.3	FBgn0032178	0.0	2	4	1	1	5	1	16	1	10	15
N0.HOG0000350	rna-NM_080066.3	FBgn0024294	0.0	2	4	1	1	5	1	16	1	10	15
N0.HOG0000350	rna-NM_080112.2	FBgn0002930	0.0	2	4	1	1	5	1	16	1	10	15
N0.HOG0000350	rna-NM_136402.4	FBgn0033115	0.0	2	4	1	1	5	1	16	1	10	15
N0.HOG0000350	rna-NM_001259225.2	FBgn0033113	0.0	2	4	1	1	5	1	16	1	10	15
N0.HOG0000350	rna-NM_001299373.1	FBgn0033574	0.0	2	4	1	1	5	1	16	1	10	15
N0.HOG0000350	rna-NM_080218.5	FBgn0028987	0.0	2	4	1	1	5	1	16	1	10	15
N0.HOG0000350	rna-NM_080217.4	FBgn0028986	0.0	2	4	1	1	5	1	16	1	10	15
N0.HOG0000350	rna-NM_001273280.1	FBgn0083141	0.0	2	4	1	1	5	1	16	1	10	15
N0.HOG0000350	rna-NM_001042880.1	FBgn0051902	0.0	2	4	1	1	5	1	16	1	10	15
N0.HOG0000350	rna-NM_001370007.1	FBgn0053121	0.0	2	4	1	1	5	1	16	1	10	15
N0.HOG0000350	rna-NM_001169596.3	FBgn0028988	0.0	2	4	1	1	5	1	16	1	10	15
N0.HOG0000350	rna-NM_080214.4	FBgn0028983	0.0	2	4	1	1	5	1	16	1	10	15
N0.HOG0000350	rna-NM_080216.3	FBgn0265137	0.0	2	4	1	1	5	1	16	1	10	15
N0.HOG0000350	rna-NM_136400.3	FBgn0033112	0.0	2	4	1	1	5	1	16	1	10	15
N0.HOG0000355	rna-NM_142964.3	FBgn0039156	0.001	3	7	3	5	9	3	1	2	12	11
N0.HOG0000356	rna-NM_001103877.2	FBgn0085218	0.0	1	6	1	1	1	9	4	1	16	15
N0.HOG0000356	rna-NM_206368.2	FBgn0036495	0.0	1	6	1	1	1	9	4	1	16	15
N0.HOG0000356	rna-NM_079168.3	FBgn0020509	0.0	1	6	1	1	1	9	4	1	16	15
N0.HOG0000356	rna-NM_137310.3	FBgn0034154	0.0	1	6	1	1	1	9	4	1	16	15
N0.HOG0000359	rna-NM_142579.4	FBgn0038738	0.0	10	1	10	5	15	4	1	2	7	14
N0.HOG0000363	rna-NM_001111011.3	FBgn0039946	0.0	1	42	1	1	1	1	1	1	1	41
N0.HOG0000381	rna-NM_135564.4	FBgn0027611	0.018	1	5	2	1	1	1	6	4	3	5
N0.HOG0000381	rna-NM_135563.3	FBgn0032253	0.018	1	5	2	1	1	1	6	4	3	5
N0.HOG0000381	rna-NM_135409.3	FBgn0032069	0.018	1	5	2	1	1	1	6	4	3	5
N0.HOG0000381	rna-NM_001298834.1	FBgn0032068	0.018	1	5	2	1	1	1	6	4	3	5
N0.HOG0000381	rna-NM_135407.3	FBgn0032067	0.018	1	5	2	1	1	1	6	4	3	5
N0.HOG0000381	rna-NM_001298833.1	FBgn0032066	0.018	1	5	2	1	1	1	6	4	3	5
N0.HOG0000383	rna-NM_176375.2	FBgn0053054	0.0	29	1	6	1	1	2	2	1	11	28
N0.HOG0000383	rna-NM_176380.2	FBgn0053056	0.0	29	1	6	1	1	2	2	1	11	28
N0.HOG0000391	rna-NM_078951.4	FBgn0028560	0.0	7	4	8	5	9	1	3	3	19	18
N0.HOG0000391	rna-NM_137390.4	FBgn0034247	0.0	7	4	8	5	9	1	3	3	19	18
N0.HOG0000391	rna-NM_140348.2	FBgn0036316	0.0	7	4	8	5	9	1	3	3	19	18
N0.HOG0000392	rna-NM_142619.3	FBgn0038784	0.003	1	11	1	1	1	4	2	3	10	10
N0.HOG0000392	rna-NM_001300492.2	FBgn0038783	0.003	1	11	1	1	1	4	2	3	10	10
N0.HOG0000397	rna-NM_080515.3	FBgn0051217	0.0	2	10	2	1	3	1	1	1	3	9
N0.HOG0000398	rna-NM_135457.3	FBgn0032132	0.01	6	8	6	4	4	1	2	2	10	9
N0.HOG0000398	rna-NM_141786.3	FBgn0027584	0.01	6	8	6	4	4	1	2	2	10	9
N0.HOG0000405	rna-NM_144408.3	FBgn0042126	0.007	1	1	7	2	6	1	1	1	5	6
N0.HOG0000407	rna-NM_142344.3	FBgn0038482	0.001	1	2	1	1	1	2	9	1	27	26
N0.HOG0000407	rna-NM_142347.3	FBgn0038485	0.001	1	2	1	1	1	2	9	1	27	26
N0.HOG0000407	rna-NM_001300443.1	FBgn0038481	0.001	1	2	1	1	1	2	9	1	27	26
N0.HOG0000407	rna-NM_142341.3	FBgn0038479	0.001	1	2	1	1	1	2	9	1	27	26
N0.HOG0000407	rna-NM_001104348.2	FBgn0051269	0.001	1	2	1	1	1	2	9	1	27	26
N0.HOG0000407	rna-NM_142342.4	FBgn0051265	0.001	1	2	1	1	1	2	9	1	27	26
N0.HOG0000407	rna-NM_169751.3	FBgn0051267	0.001	1	2	1	1	1	2	9	1	27	26
N0.HOG0000407	rna-NM_001144596.3	FBgn0051266	0.001	1	2	1	1	1	2	9	1	27	26
N0.HOG0000407	rna-NM_142346.3	FBgn0038484	0.001	1	2	1	1	1	2	9	1	27	26
N0.HOG0000419	rna-NM_134600.2	FBgn0031169	0.023	1	6	7	1	2	3	9	1	6	8
N0.HOG0000419	rna-NM_176739.3	FBgn0263747	0.023	1	6	7	1	2	3	9	1	6	8
N0.HOG0000419	rna-NM_168748.4	FBgn0261998	0.023	1	6	7	1	2	3	9	1	6	8
N0.HOG0000419	rna-NM_169881.2	FBgn0051213	0.023	1	6	7	1	2	3	9	1	6	8
N0.HOG0000419	rna-NM_137620.3	FBgn0034493	0.023	1	6	7	1	2	3	9	1	6	8
N0.HOG0000419	rna-NM_001298584.1	FBgn0083956	0.023	1	6	7	1	2	3	9	1	6	8
N0.HOG0000419	rna-NM_001042895.3	FBgn0028539	0.023	1	6	7	1	2	3	9	1	6	8
N0.HOG0000419	rna-NM_140745.3	FBgn0036747	0.023	1	6	7	1	2	3	9	1	6	8
N0.HOG0000419	rna-NM_134601.3	FBgn0031170	0.023	1	6	7	1	2	3	9	1	6	8
N0.HOG0000428	rna-NM_001316636.1	FBgn0029690	0.0	1	1	1	1	1	1	1	1	37	36
N0.HOG0000434	rna-NM_001299229.1	FBgn0041243	0.0	6	2	1	6	3	3	1	1	1	5
N0.HOG0000435	rna-NM_175951.2	FBgn0041248	0.008	1	5	1	1	1	1	1	1	4	4
N0.HOG0000437	rna-NM_079247.3	FBgn0035870	0.0	1	10	1	1	1	2	1	1	1	9
N0.HOG0000440	rna-NM_141500.2	FBgn0037537	0.0	6	4	3	4	2	4	1	2	1	5
N0.HOG0000450	rna-NM_079273.3	FBgn0001225	0.005	3	4	3	5	5	5	4	4	5	2
N0.HOG0000450	rna-NM_079275.4	FBgn0001224	0.005	3	4	3	5	5	5	4	4	5	2
N0.HOG0000450	rna-NM_079276.4	FBgn0001226	0.005	3	4	3	5	5	5	4	4	5	2
N0.HOG0000450	rna-NM_079274.3	FBgn0001227	0.005	3	4	3	5	5	5	4	4	5	2
N0.HOG0000463	rna-NM_135068.4	FBgn0031689	0.005	3	7	4	2	1	1	6	2	7	6
N0.HOG0000463	rna-NM_135067.3	FBgn0031688	0.005	3	7	4	2	1	1	6	2	7	6
N0.HOG0000463	rna-NM_001273014.1	FBgn0031432	0.005	3	7	4	2	1	1	6	2	7	6
N0.HOG0000463	rna-NM_134845.2	FBgn0041337	0.005	3	7	4	2	1	1	6	2	7	6
N0.HOG0000463	rna-NM_132524.2	FBgn0030339	0.005	3	7	4	2	1	1	6	2	7	6
N0.HOG0000463	rna-NM_135850.3	FBgn0028940	0.005	3	7	4	2	1	1	6	2	7	6
N0.HOG0000467	rna-NM_136363.4	FBgn0040502	0.029	7	1	8	4	7	1	1	3	1	7
N0.HOG0000469	rna-NM_001300152.1	FBgn0036627	0.0	6	1	1	30	6	1	1	1	8	29
N0.HOG0000470	rna-NM_136473.3	FBgn0033214	0.001	1	1	1	1	1	5	3	1	11	10
N0.HOG0000470	rna-NM_136474.3	FBgn0033215	0.001	1	1	1	1	1	5	3	1	11	10
N0.HOG0000470	rna-NM_136475.4	FBgn0033216	0.001	1	1	1	1	1	5	3	1	11	10
N0.HOG0000474	rna-NM_001259447.2	FBgn0034160	0.0	2	1	4	1	5	1	5	1	1	4
N0.HOG0000474	rna-NM_166512.2	FBgn0050281	0.0	2	1	4	1	5	1	5	1	1	4
N0.HOG0000474	rna-NM_137797.5	FBgn0050280	0.0	2	1	4	1	5	1	5	1	1	4
N0.HOG0000474	rna-NM_132363.1	FBgn0030163	0.0	2	1	4	1	5	1	5	1	1	4
N0.HOG0000474	rna-NM_167208.3	FBgn0030164	0.0	2	1	4	1	5	1	5	1	1	4
N0.HOG0000475	rna-NM_168868.2	FBgn0045474	0.0	1	10	1	1	1	1	1	1	1	9
N0.HOG0000490	rna-NM_001038895.3	FBgn0053966	0.0	1	1	1	1	1	1	9	1	5	8
N0.HOG0000490	rna-NM_001014558.3	FBgn0053514	0.0	1	1	1	1	1	1	9	1	5	8
N0.HOG0000490	rna-NM_142916.3	FBgn0039106	0.0	1	1	1	1	1	1	9	1	5	8
N0.HOG0000490	rna-NM_142917.4	FBgn0039107	0.0	1	1	1	1	1	1	9	1	5	8
N0.HOG0000490	rna-NM_136663.4	FBgn0033434	0.0	1	1	1	1	1	1	9	1	5	8
N0.HOG0000490	rna-NM_165687.3	FBgn0050339	0.0	1	1	1	1	1	1	9	1	5	8
N0.HOG0000490	rna-NM_136666.4	FBgn0033437	0.0	1	1	1	1	1	1	9	1	5	8
N0.HOG0000490	rna-NM_164699.2	FBgn0051636	0.0	1	1	1	1	1	1	9	1	5	8
N0.HOG0000490	rna-NM_001038894.2	FBgn0053965	0.0	1	1	1	1	1	1	9	1	5	8
N0.HOG0000500	rna-NM_001258552.1	FBgn0283741	0.0	5	1	1	1	1	20	1	1	1	19
N0.HOG0000565	rna-NM_078796.3	FBgn0032096	0.0	1	1	1	1	1	3	1	14	1	13
N0.HOG0000567	rna-NM_137576.4	FBgn0034443	0.003	4	10	4	8	4	3	1	5	1	9
N0.HOG0000570	rna-NM_167844.2	FBgn0052479	0.0	1	1	1	1	1	39	1	1	1	38
N0.HOG0000586	rna-NM_142007.3	FBgn0038126	0.009	2	2	3	3	3	6	1	3	8	7
N0.HOG0000593	rna-NM_142238.3	FBgn0038366	0.002	3	1	4	2	4	2	2	3	5	4
N0.HOG0000593	rna-NM_136399.4	FBgn0033110	0.002	3	1	4	2	4	2	2	3	5	4
N0.HOG0000602	rna-NM_132837.3	FBgn0030680	0.0	4	1	1	30	2	1	1	1	1	29
N0.HOG0000604	rna-NM_142441.3	FBgn0038589	0.0	2	1	1	1	8	2	1	1	32	31
N0.HOG0000617	rna-NM_139946.2	FBgn0035868	0.018	1	4	1	1	2	1	3	1	7	6
N0.HOG0000617	rna-NM_001414074.1	FBgn0050424	0.018	1	4	1	1	2	1	3	1	7	6
N0.HOG0000617	rna-NM_176180.2	FBgn0034047	0.018	1	4	1	1	2	1	3	1	7	6
N0.HOG0000620	rna-NM_169665.3	FBgn0038348	0.0	2	2	1	1	7	2	4	1	13	12
N0.HOG0000620	rna-NM_142221.2	FBgn0038350	0.0	2	2	1	1	7	2	4	1	13	12
N0.HOG0000620	rna-NM_142220.2	FBgn0038349	0.0	2	2	1	1	7	2	4	1	13	12
N0.HOG0000620	rna-NM_142218.2	FBgn0267408	0.0	2	2	1	1	7	2	4	1	13	12
N0.HOG0000657	rna-NM_137106.3	FBgn0033921	0.0	19	2	1	1	3	2	1	1	1	18
N0.HOG0000664	rna-NM_001272588.1	FBgn0052633	0.0	1	1	1	1	1	2	4	4	2	3
N0.HOG0000664	rna-NM_001260383.2	FBgn0051086	0.0	1	1	1	1	1	2	4	4	2	3
N0.HOG0000664	rna-NM_165965.3	FBgn0265186	0.0	1	1	1	1	1	2	4	4	2	3
N0.HOG0000664	rna-NM_001299438.1	FBgn0033787	0.0	1	1	1	1	1	2	4	4	2	3
N0.HOG0000665	rna-NM_001299590.1	FBgn0034197	0.002	1	9	1	1	2	1	1	1	4	8
N0.HOG0000667	rna-NM_079282.2	FBgn0267348	0.033	4	5	4	6	10	1	1	5	2	9
N0.HOG0000668	rna-NM_001103809.3	FBgn0033661	0.0	10	3	3	3	10	1	1	2	1	9
N0.HOG0000669	rna-NM_001300210.1	FBgn0037065	0.0	1	2	1	1	1	1	1	1	2	1
N0.HOG0000682	rna-NM_168749.2	FBgn0052187	0.0	16	1	1	23	1	1	1	1	2	22
N0.HOG0000683	rna-NM_169235.4	FBgn0037612	0.0	1	1	1	1	1	2	1	1	5	4
N0.HOG0000684	rna-NM_130642.2	FBgn0040392	0.0	5	1	1	11	19	2	2	2	2	18
N0.HOG0000684	rna-NM_001274779.1	FBgn0036152	0.0	5	1	1	11	19	2	2	2	2	18
N0.HOG0000712	rna-NM_001259909.2	FBgn0004852	0.002	5	3	1	3	5	1	1	9	2	8
N0.HOG0000735	rna-NM_001272607.2	FBgn0030521	0.0	1	2	5	1	8	3	1	1	2	7
N0.HOG0000801	rna-NM_079234.4	FBgn0019662	0.0	1	3	1	1	1	2	1	1	4	3
N0.HOG0000803	rna-NM_001273082.1	FBgn0051957	0.0	1	1	1	1	1	31	1	1	1	30
N0.HOG0000825	rna-NM_136248.4	FBgn0032922	0.007	1	1	1	1	1	1	1	1	15	14
N0.HOG0000844	rna-NM_001298765.1	FBgn0031874	0.0	7	1	1	12	2	1	1	1	10	11
N0.HOG0000861	rna-NM_142033.2	FBgn0038153	0.002	1	2	5	2	7	1	1	1	2	6
N0.HOG0000866	rna-NM_140670.2	FBgn0259794	0.015	4	1	2	5	5	7	1	1	1	6
N0.HOG0000870	rna-NM_001273543.1	FBgn0001990	0.0	4	1	4	1	3	1	1	1	1	3
N0.HOG0000884	rna-NM_058106.5	FBgn0286781	0.0	3	1	1	23	1	1	1	1	2	22
N0.HOG0000897	rna-NM_134500.4	FBgn0031057	0.0	3	2	2	15	3	2	1	1	2	14
N0.HOG0000942	rna-NM_001273980.2	FBgn0024732	0.0	2	1	2	1	2	1	2	1	1	1
N0.HOG0000942	rna-NM_136878.3	FBgn0028407	0.0	2	1	2	1	2	1	2	1	1	1
N0.HOG0000956	rna-NM_137111.3	FBgn0033926	0.0	1	3	1	1	1	3	2	3	7	6
N0.HOG0000956	rna-NM_137112.2	FBgn0033928	0.0	1	3	1	1	1	3	2	3	7	6
N0.HOG0000967	rna-NM_137714.4	FBgn0034599	0.0	15	1	1	7	4	1	1	1	1	14
N0.HOG0000971	rna-NM_001275549.1	FBgn0037926	0.0	2	1	2	21	1	1	1	1	1	20
N0.HOG0000974	rna-NM_143134.3	FBgn0261575	0.007	1	1	3	1	1	1	1	5	3	4
N0.HOG0001023	rna-NM_142023.4	FBgn0038142	0.002	2	3	1	2	1	3	1	1	1	2
N0.HOG0001028	rna-NM_001273849.1	FBgn0033185	0.0	8	1	1	17	2	1	3	1	1	16
N0.HOG0001028	rna-NM_136447.4	FBgn0033186	0.0	8	1	1	17	2	1	3	1	1	16
N0.HOG0001028	rna-NM_136445.3	FBgn0025185	0.0	8	1	1	17	2	1	3	1	1	16
N0.HOG0001030	rna-NM_136679.5	FBgn0033451	0.013	1	1	1	1	8	2	1	4	7	7
N0.HOG0001080	rna-NM_137654.1	FBgn0034532	0.01	1	1	3	2	10	1	1	2	3	9
N0.HOG0001107	rna-NM_137360.2	FBgn0034210	0.0	5	1	1	2	2	1	1	1	3	4
N0.HOG0001123	rna-NM_139442.1	FBgn0035316	0.022	5	1	5	2	11	1	1	1	1	10
N0.HOG0001129	rna-NM_001273755.1	FBgn0261802	0.034	2	2	2	3	11	1	1	2	1	10
N0.HOG0001134	rna-NM_001275947.1	FBgn0039089	0.003	5	2	2	9	1	2	1	2	2	8
N0.HOG0001154	rna-NM_001273103.1	FBgn0053196	0.026	4	8	2	2	6	1	1	1	1	7
N0.HOG0001249	rna-NM_145338.2	FBgn0034460	0.0	2	1	1	2	3	1	1	1	21	20
N0.HOG0001260	rna-NM_001038870.2	FBgn0053998	0.034	11	1	3	5	5	1	1	3	1	10
N0.HOG0001301	rna-NM_169249.2	FBgn0051100	0.031	1	2	1	1	1	1	1	2	1	1
N0.HOG0001311	rna-NM_142683.3	FBgn0038854	0.018	1	4	2	4	1	1	1	1	1	3
N0.HOG0001319	rna-NM_001202298.3	FBgn0262483	0.028	1	3	4	2	7	1	1	2	1	6
N0.HOG0001321	rna-NM_001275072.1	FBgn0036763	0.0	1	1	1	14	1	1	1	2	2	13
N0.HOG0001345	rna-NM_001104230.3	FBgn0011282	0.0	1	1	1	1	1	1	1	1	1	0
N0.HOG0001408	rna-NM_141631.3	FBgn0037687	0.0	1	1	1	17	1	1	1	1	1	16
N0.HOG0001463	rna-NM_134739.6	FBgn0031319	0.004	1	1	1	13	1	1	2	1	2	12
N0.HOG0001463	rna-NM_134738.4	FBgn0031318	0.004	1	1	1	13	1	1	2	1	2	12
N0.HOG0001528	rna-NM_133136.3	FBgn0030999	0.002	6	1	1	3	1	1	1	1	1	5
N0.HOG0001545	rna-NM_137655.3	FBgn0250850	0.002	2	1	1	13	3	1	1	1	1	12
N0.HOG0001563	rna-NM_132830.3	FBgn0030673	0.0	4	1	1	12	2	2	1	1	2	11
N0.HOG0001619	rna-NM_001274153.1	FBgn0041702	0.007	1	1	1	3	2	5	2	1	2	4
N0.HOG0001619	rna-NM_166317.2	FBgn0014269	0.007	1	1	1	3	2	5	2	1	2	4
N0.HOG0001715	rna-NM_141875.3	FBgn0260741	0.031	4	1	8	1	4	1	1	2	1	7
N0.HOG0001735	rna-NM_143501.4	FBgn0039733	0.0	1	1	1	18	2	1	1	1	1	17
N0.HOG0001774	rna-NM_164605.3	FBgn0010607	0.0	11	3	1	1	4	1	1	1	1	10
N0.HOG0001827	rna-NM_168468.2	FBgn0052091	0.014	1	6	1	1	1	1	1	1	10	9
N0.HOG0001837	rna-NM_141986.4	FBgn0038099	0.042	1	4	1	1	1	1	1	1	1	3
N0.HOG0001961	rna-NM_057701.4	FBgn0013272	0.035	1	4	1	1	1	2	1	1	1	3
N0.HOG0001970	rna-NM_134668.2	FBgn0086855	0.0	1	1	1	1	4	1	1	1	5	4
N0.HOG0002087	rna-NM_001273574.1	FBgn0032587	0.0	1	1	1	17	1	1	1	1	1	16
N0.HOG0002247	rna-NM_080298.4	FBgn0024361	0.029	1	3	3	3	1	1	1	6	1	5
N0.HOG0002288	rna-NM_166478.4	FBgn0050403	0.0	17	1	1	1	1	1	1	1	1	16
N0.HOG0002355	rna-NM_001273544.1	FBgn0051826	0.003	1	1	1	1	1	1	1	1	14	13
N0.HOG0002410	rna-NM_132218.3	FBgn0030005	0.007	2	1	1	1	10	1	1	1	1	9
N0.HOG0003478	rna-NM_136784.4	FBgn0033569	0.0	3	1	1	1	13	1	1	0	0	13
N0.HOG0003668	rna-NM_142334.3	FBgn0038472	0.01	3	1	1	1	5	1	1	2	1	4
N0.HOG0005404	rna-NM_079500.4	FBgn0040466	0.015	9	1	1	1	2	1	1	1	1	8
N0.HOG0005671	rna-NM_001272977.1	FBgn0031391	0.019	8	1	1	1	3	1	1	0	0	8
N0.HOG0006809	rna-NM_001273801.1	FBgn0284249	0.011	1	1	1	2	7	1	1	1	1	6
N0.HOG0006832	rna-NM_132844.3	FBgn0030688	0.0	1	1	1	1	1	1	1	1	1	0
N0.HOG0009760	rna-NM_167840.3	FBgn0025676	0.011	1	1	1	1	7	4	2	0	0	7
N0.HOG0009760	rna-NM_001274292.1	FBgn0035159	0.011	1	1	1	1	7	4	2	0	0	7
N0.HOG0009835	rna-NM_140884.3	FBgn0036900	0.015	10	1	1	1	1	1	1	0	0	10
N0.HOG0011828	rna-Dmel_CG34092	FBgn0013679,GeneID:19893558	0.049	5	1	1	1	1	1	1	1	1	4
N0.HOG0012496	rna-NM_142188.3	FBgn0038316	0.019	1	1	1	7	1	1	1	0	0	7
