OG	correlation_coeff	p-value	sig_after_multiple_testing
N0.HOG0000145	0.10489510489510491	0.7456094809807079	n
N0.HOG0001439	0.09155156597651984	0.7771962894578055	n
N0.HOG0002042	0.3873335483621993	0.2135115526743914	n
N0.HOG0009002	-0.11188811188811189	0.729194990751066	n
N0.HOG0000015	0.2183152727132396	0.49545035953231165	n
N0.HOG0000038	-0.06293706293706294	0.8459309212287789	n
N0.HOG0001033	0.3216783216783217	0.30790987618065263	n
N0.HOG0001850	0.14948985918580535	0.6428582844892912	n
N0.HOG0000721	-0.05800910270496299	0.8578817998209817	n
N0.HOG0010122	-0.006993006993006993	0.9827917689028476	n
N0.HOG0007195	0.1331000289842858	0.6800638459197366	n
N0.HOG0002954	0.14010529366766927	0.6640757694429809	n
N0.HOG0000525	0.3216783216783217	0.30790987618065263	n
N0.HOG0001268	-0.2605698416254795	0.41337102043327534	n
N0.HOG0003591	-0.049036852783684234	0.8797094411808868	n
N0.HOG0000531	0.49650349650349657	0.10060263183225483	n
N0.HOG0005307	-0.03502632341691732	0.9139432528752413	n
N0.HOG0000276	0.7972027972027973	0.0019003677255282703	n
N0.HOG0000793	0.25218952860180466	0.42908344267490994	n
N0.HOG0000173	-0.2464849853213996	0.43994311321635393	n
N0.HOG0001604	0.04982995306193512	0.8777766794108113	n
N0.HOG0000916	0.014502275676240748	0.9643208120702008	n
N0.HOG0000218	0.08391608391608392	0.7954145018538977	n
N0.HOG0000204	-0.17482517482517487	0.5868236643627043	n
N0.HOG0003110	-0.5299909662595385	0.07633046581569501	n
N0.HOG0000059	0.1398601398601399	0.6646331617926677	n
N0.HOG0000817	-0.06293706293706294	0.8459309212287789	n
N0.HOG0001708	0.20901052190517005	0.5144446616196205	n
N0.HOG0001716	0.09254134140073665	0.7748420204627596	n
N0.HOG0000033	0.7132867132867133	0.009201779777634755	n
N0.HOG0002680	0.04895104895104895	0.8799185788786749	n
N0.HOG0002365	-0.2517482517482518	0.42991878503288405	n
N0.HOG0000069	0.43356643356643365	0.1591057694121953	n
N0.HOG0001127	0.2183152727132396	0.49545035953231165	n
N0.HOG0000429	0.3426573426573427	0.27556745095678037	n
N0.HOG0000950	-0.05800910270496299	0.8578817998209817	n
N0.HOG0000764	0.32867132867132864	0.2969041156887641	n
N0.HOG0010822	-0.2729298933144549	0.39073082997882846	n
N0.HOG0000560	-0.515061643266312	0.08659296996223632	n
N0.HOG0000625	-0.21355694169400766	0.5051242606511095	n
N0.HOG0000490	0.2755432378485742	0.38602672186304166	n
N0.HOG0002345	0.6267761055315589	0.029178067781260492	n
N0.HOG0000573	-0.5384615384615385	0.07089431754922315	n
N0.HOG0011349	0.20643837697087405	0.5197507165228195	n
N0.HOG0000200	0.5384615384615385	0.07089431754922315	n
N0.HOG0018962	-0.07474492959290267	0.8174207303894088	n
N0.HOG0003035	0.4055944055944056	0.19083587400450033	n
N0.HOG0012168	0.6024527627709778	0.03815947554942023	n
N0.HOG0002098	0.2464849853213996	0.43994311321635393	n
N0.HOG0000555	-0.3076923076923077	0.3305892594121097	n
N0.HOG0002037	0.5034965034965035	0.09515736659412469	n
N0.HOG0000044	0.3426573426573427	0.27556745095678037	n
N0.HOG0000012	-0.03502632341691732	0.9139432528752413	n
N0.HOG0000339	0.0563394252163199	0.8619373037131002	n
N0.HOG0001927	0.034965034965034975	0.9140933424107598	n
N0.HOG0000613	-0.0979020979020979	0.762121655996299	n
N0.HOG0000562	-0.23135335350184164	0.46937777096642697	n
N0.HOG0000526	-0.1958041958041958	0.5419358857313175	n
N0.HOG0001719	0.028021058733533853	0.9311140674192737	n
N0.HOG0002028	0.3167761301794447	0.315758197187108	n
N0.HOG0000156	0.10489510489510491	0.7456094809807079	n
N0.HOG0000068	0.6433566433566434	0.024003191200713644	n
N0.HOG0000234	0.1708455533552061	0.5954984043740537	n
N0.HOG0000453	-0.14685314685314685	0.6487957097846664	n
N0.HOG0008798	0.2610409621723334	0.41249631869094106	n
N0.HOG0001429	0.1541158230344362	0.6324877788515912	n
N0.HOG0012931	0.007042428152039987	0.9826701704764307	n
N0.HOG0000618	0.33975533714409795	0.2799203496864415	n
N0.HOG0000427	0.34965034965034975	0.2652387868927897	n
N0.HOG0000890	-0.2027972027972028	0.5273023541661082	n
N0.HOG0001353	0.45775782988259917	0.13454859464804922	n
N0.HOG0000804	0.18881118881118883	0.5567370561768314	n
N0.HOG0000170	-0.5078816895453011	0.09184579185725565	n
N0.HOG0001388	0.48582623515406503	0.10931209150022679	n
N0.HOG0001692	0.2183152727132396	0.49545035953231165	n
N0.HOG0002136	-0.02175341351436112	0.9464999715858183	n
N0.HOG0000169	-0.3537658665108649	0.25926652867631444	n
N0.HOG0000940	0.10563642228059983	0.7438646724028309	n
N0.HOG0000125	-0.0563394252163199	0.8619373037131002	n
N0.HOG0000610	-0.07005264683383464	0.8287278541011254	n
N0.HOG0001206	0.5384615384615385	0.07089431754922315	n
N0.HOG0004415	0.07251137838120374	0.8227991261167644	n
N0.HOG0000073	-0.11188811188811189	0.729194990751066	n
N0.HOG0000814	0.1188811188811189	0.712884219214772	n
N0.HOG0000585	-0.04195804195804196	0.8969858708195542	n
N0.HOG0000305	-0.06293706293706294	0.8459309212287789	n
N0.HOG0000365	0.05913123959890826	0.8551579906775546	n
N0.HOG0000126	0.15384615384615385	0.6330906812462618	n
N0.HOG0001763	0.3636363636363637	0.2452650007307772	n
N0.HOG0007183	-0.1377716189242871	0.6693880133068077	n
N0.HOG0003797	0.42732114568639123	0.16587727319738638	n
N0.HOG0003107	-0.22377622377622378	0.48445166145539886	n
N0.HOG0001574	0.1398601398601399	0.6646331617926677	n
N0.HOG0000861	0.4755244755244756	0.11817595701303213	n
N0.HOG0000338	0.5125366600656184	0.08841643063431351	n
N0.HOG0001066	-0.12676370673671977	0.6946303258690809	n
N0.HOG0001034	0.1258741258741259	0.6966831093957659	n
N0.HOG0004994	0.2491497653096756	0.43485380702768006	n
N0.HOG0010919	0.14593057682423857	0.6508776410237396	n
N0.HOG0000415	0.06293706293706294	0.8459309212287789	n
N0.HOG0013621	0.007118564723133589	0.9824828407045115	n
N0.HOG0001502	0.07042428152039987	0.827831199192635	n
N0.HOG0002176	0.38528955758609046	0.21614675953998513	n
N0.HOG0000576	0.48686589549515064	0.10844282195191488	n
N0.HOG0001295	0.049036852783684234	0.8797094411808868	n
N0.HOG0001411	-0.38796177741078064	0.21270554169981246	n
N0.HOG0000671	-0.08542277667760305	0.7918118156313141	n
N0.HOG0000608	0.14084856304079973	0.6623867956109182	n
N0.HOG0000319	0.5174825174825175	0.08486877113393493	n
N0.HOG0001037	0.013986013986013986	0.9655902689187795	n
N0.HOG0001167	-0.07746670967243986	0.81087645719889	n
N0.HOG0000649	-0.2610409621723334	0.41249631869094106	n
N0.HOG0000053	-0.06993006993006995	0.8290236405313092	n
N0.HOG0001234	0.44833693973654165	0.14379811749123733	n
N0.HOG0007150	-0.11196992244919826	0.7290035612225261	n
N0.HOG0000278	0.2937062937062937	0.35414764123292175	n
N0.HOG0014474	0.04195804195804196	0.8969858708195542	n
N0.HOG0008866	0.33355234055353716	0.2893552505936301	n
N0.HOG0001560	-0.3356643356643357	0.2861229029149875	n
N0.HOG0000086	0.09859399412855982	0.7604837400712293	n
N0.HOG0000089	0.04195804195804196	0.8969858708195542	n
N0.HOG0001283	-0.1328671328671329	0.6805975082860818	n
N0.HOG0011197	-0.39524365248717946	0.20349776594623323	n
N0.HOG0000302	0.07692307692307693	0.8121826980280591	n
N0.HOG0001933	-0.03915210597723474	0.9038457694604445	n
N0.HOG0000233	0.050757964866842614	0.8755159205894297	n
N0.HOG0000401	0.07042428152039987	0.827831199192635	n
N0.HOG0002702	-0.3642737635359401	0.2443764872590352	n
N0.HOG0001270	-0.31690926684179943	0.31554360361640527	n
N0.HOG0000529	-0.14593057682423857	0.6508776410237396	n
N0.HOG0001999	0.1328671328671329	0.6805975082860818	n
N0.HOG0000774	0.5104895104895105	0.08991373630263913	n
N0.HOG0000450	0.1087670675718056	0.7365084730479962	n
N0.HOG0001904	0.30069930069930073	0.34225952894002465	n
N0.HOG0004729	0.2657342657342658	0.40383308831471165	n
N0.HOG0001088	0.2377622377622378	0.4568008526399232	n
N0.HOG0000565	0.03502632341691732	0.9139432528752413	n
N0.HOG0011218	0.0	1.0	n
N0.HOG0001442	0.02097902097902098	0.9484022252365223	n
N0.HOG0000307	-0.1922012475246069	0.5495411215625509	n
N0.HOG0000397	0.2377622377622378	0.4568008526399232	n
N0.HOG0002091	0.09106844088398502	0.7783460719179525	n
N0.HOG0000582	-0.04895104895104895	0.8799185788786749	n
N0.HOG0001069	0.5454545454545455	0.06661188226688902	n
N0.HOG0014524	-0.07005264683383464	0.8287278541011254	n
N0.HOG0002511	0.12101560029327099	0.7079272414616193	n
N0.HOG0001918	0.20665530815981217	0.5193022970166132	n
N0.HOG0000682	0.28169712608159947	0.37506523624200017	n
N0.HOG0000054	0.21355694169400766	0.5051242606511095	n
N0.HOG0001100	-0.18881118881118883	0.5567370561768314	n
N0.HOG0000602	0.21834391465156391	0.4953923823848684	n
N0.HOG0001786	0.4155032609703593	0.17918196554757054	n
N0.HOG0002095	-0.09106844088398502	0.7783460719179525	n
N0.HOG0006995	0.29004551352481495	0.3604571272621032	n
N0.HOG0001275	0.007005264683383463	0.9827616094034646	n
N0.HOG0002009	0.06293706293706294	0.8459309212287789	n
N0.HOG0001378	0.2206658375265791	0.4907024914340439	n
N0.HOG0010108	0.04195804195804196	0.8969858708195542	n
N0.HOG0001328	0.2392875486579723	0.4538312350261742	n
N0.HOG0000866	-0.07355527917552636	0.8202845257024424	n
N0.HOG0000885	-0.06993006993006995	0.8290236405313092	n
N0.HOG0000931	0.05800910270496299	0.8578817998209817	n
N0.HOG0000696	0.006993006993006993	0.9827917689028476	n
N0.HOG0002010	-0.0640670825082023	0.8431946004212494	n
N0.HOG0000067	0.2451842639184212	0.4424376657583864	n
N0.HOG0001652	-0.2183152727132396	0.49545035953231165	n
N0.HOG0002393	0.54641064530391	0.06604060406823514	n
N0.HOG0000462	-0.2867132867132868	0.36625146058358227	n
N0.HOG0002872	0.13380613488875975	0.6784466863299407	n
N0.HOG0000113	0.2797202797202798	0.37856866966230307	n
N0.HOG0000859	0.1015763379090602	0.7534340837808129	n
N0.HOG0001747	0.2491497653096756	0.43485380702768006	n
N0.HOG0001108	0.07042428152039987	0.827831199192635	n
N0.HOG0002086	0.3846153846153847	0.21702022575997748	n
N0.HOG0001091	-0.2610409621723334	0.41249631869094106	n
N0.HOG0000852	0.034965034965034975	0.9140933424107598	n
N0.HOG0000489	0.2517482517482518	0.42991878503288405	n
N0.HOG0000543	0.6013986013986015	0.03858845292201944	n
N0.HOG0000624	0.007042428152039987	0.9826701704764307	n
N0.HOG0002693	0.04350682702872224	0.8932021742511844	n
N0.HOG0000056	-0.5104895104895105	0.08991373630263913	n
N0.HOG0000027	-0.18181818181818185	0.5717012385276553	n
N0.HOG0001311	0.01751316170845866	0.9569188239005484	n
N0.HOG0000370	0.2676122697775195	0.40039240027539647	n
N0.HOG0000472	-0.3737246479645134	0.23142544762530667	n
N0.HOG0001351	-0.2527090476712424	0.42810100436041054	n
N0.HOG0002957	-0.25919479328518813	0.41592926127477936	n
N0.HOG0000030	-0.027972027972027972	0.9312343512018808	n
N0.HOG0001600	0.2867132867132868	0.36625146058358227	n
N0.HOG0000179	-0.2867132867132868	0.36625146058358227	n
N0.HOG0001396	0.2633868947559428	0.40815452366975424	n
N0.HOG0002979	0.07692307692307693	0.8121826980280591	n
N0.HOG0000694	0.11188811188811189	0.729194990751066	n
N0.HOG0000085	-0.1328671328671329	0.6805975082860818	n
N0.HOG0000662	0.0	1.0	n
N0.HOG0000941	0.5359027482788349	0.07250748303033829	n
N0.HOG0000492	-0.02097902097902098	0.9484022252365223	n
N0.HOG0000889	0.06338185336835989	0.844853681587023	n
N0.HOG0001247	0.36304680087981306	0.24608852288355584	n
N0.HOG0000888	0.22377622377622378	0.48445166145539886	n
N0.HOG0008202	0.055944055944055944	0.8628980736949712	n
N0.HOG0002225	0.49387116017853416	0.10270518334647254	n
N0.HOG0002040	0.7272727272727274	0.007355028857805126	n
N0.HOG0001241	0.37762237762237766	0.22620604493502663	n
N0.HOG0000566	0.1760607038009997	0.5841405301281157	n
N0.HOG0000590	0.1398601398601399	0.6646331617926677	n
N0.HOG0001294	-0.16677617027676858	0.6044191985316112	n
N0.HOG0001655	0.54641064530391	0.06604060406823514	n
N0.HOG0000867	-0.08391608391608392	0.7954145018538977	n
N0.HOG0001236	0.021015794050150385	0.9483118884972519	n
N0.HOG0000735	-0.5744317040374439	0.050765334660570934	n
N0.HOG0017619	0.1885295837911297	0.5573365380454538	n
N0.HOG0001474	-0.29186115364847715	0.3573204374373701	n
N0.HOG0000136	0.07091428421782556	0.8266492425061424	n
N0.HOG0001561	0.570436680315239	0.05277409602042297	n
N0.HOG0002320	0.4436729735785192	0.14852484474790698	n
N0.HOG0001891	0.35592823615667946	0.25616023692406037	n
N0.HOG0000017	-0.41958041958041964	0.1745190081300594	n
N0.HOG0000164	0.39860139860139865	0.19933549461780897	n
N0.HOG0002273	-0.3480546162297779	0.2675756659285516	n
N0.HOG0000411	0.0	1.0	n
N0.HOG0000140	0.2447552447552448	0.4432619364501832	n
N0.HOG0019708	0.1885295837911297	0.5573365380454538	n
N0.HOG0000037	-0.06993006993006995	0.8290236405313092	n
N0.HOG0001781	0.29071848436041375	0.3592928176714778	n
N0.HOG0000436	0.12363804643408091	0.7018512813204854	n
N0.HOG0000761	0.676263648697691	0.015752067028416923	n
N0.HOG0001398	-0.08756580854229329	0.7866940142086327	n
N0.HOG0003818	0.44846957755741607	0.14366512941483017	n
N0.HOG0000454	0.06293706293706294	0.8459309212287789	n
N0.HOG0000177	-0.2027972027972028	0.5273023541661082	n
N0.HOG0002681	-0.3426573426573427	0.27556745095678037	n
N0.HOG0000480	-0.007042428152039987	0.9826701704764307	n
N0.HOG0000826	0.39579745461116567	0.20280764325009978	n
N0.HOG0001310	-0.04195804195804196	0.8969858708195542	n
N0.HOG0006000	0.7285475270718802	0.00720175094976221	n
N0.HOG0000296	0.6433566433566434	0.024003191200713644	n
N0.HOG0001752	0.10507897025075195	0.7451766219125175	n
N0.HOG0000215	-0.04195804195804196	0.8969858708195542	n
N0.HOG0000746	-0.06762636486976908	0.834586391153786	n
N0.HOG0012941	0.02112728445611996	0.9480380045464691	n
N0.HOG0001280	0.3216783216783217	0.30790987618065263	n
N0.HOG0003749	0.1398601398601399	0.6646331617926677	n
N0.HOG0000023	-0.11188811188811189	0.729194990751066	n
N0.HOG0000376	-0.10450526095258503	0.746527481740289	n
N0.HOG0000268	0.14685314685314685	0.6487957097846664	n
N0.HOG0000075	0.2027972027972028	0.5273023541661082	n
N0.HOG0000087	0.3706293706293707	0.2356210035126457	n
N0.HOG0000119	0.04895104895104895	0.8799185788786749	n
N0.HOG0000713	-0.1958041958041958	0.5419358857313175	n
N0.HOG0000377	-0.16083916083916086	0.6175234895401425	n
N0.HOG0000135	0.4895104895104896	0.106252371759346	n
N0.HOG0000545	-0.1126788504326398	0.7273453279440116	n
N0.HOG0001403	-0.02112728445611996	0.9480380045464691	n
N0.HOG0000101	-0.07746670967243986	0.81087645719889	n
N0.HOG0003311	0.06293706293706294	0.8459309212287789	n
N0.HOG0010775	0.21355694169400766	0.5051242606511095	n
N0.HOG0000896	0.14685314685314685	0.6487957097846664	n
N0.HOG0000174	-0.2657342657342658	0.40383308831471165	n
N0.HOG0000471	-0.0979020979020979	0.762121655996299	n
N0.HOG0001504	0.11389703557013742	0.7244984151913487	n
N0.HOG0000808	-0.034965034965034975	0.9140933424107598	n
N0.HOG0000284	0.23240012901731957	0.4673126442064679	n
N0.HOG0001838	0.30986683868975945	0.3270050102150108	n
N0.HOG0001529	0.2027972027972028	0.5273023541661082	n
N0.HOG0001798	-0.1619758474969197	0.615006487406935	n
N0.HOG0000991	-0.14360792600936098	0.6561292074448725	n
N0.HOG0000892	-0.02816971260815995	0.9307493932264658	n
N0.HOG0000599	-0.2491497653096756	0.43485380702768006	n
N0.HOG0002260	-0.16728627099363932	0.603298209716268	n
N0.HOG0000082	-0.6121022427222839	0.0343892739141432	n
N0.HOG0000628	-0.09090909090909093	0.7787253962454419	n
N0.HOG0000730	-0.21716320518488735	0.49778490192726343	n
N0.HOG0005520	0.06993006993006995	0.8290236405313092	n
N0.HOG0001036	0.5148307865065466	0.08675862003895493	n
N0.HOG0000647	0.7272727272727274	0.007355028857805126	n
N0.HOG0001213	0.17482517482517487	0.5868236643627043	n
N0.HOG0000395	0.007251137838120374	0.9821566539187246	n
N0.HOG0012032	0.5244755244755246	0.08001937592027475	n
N0.HOG0000441	-0.2164751834017833	0.49918144736239667	n
N0.HOG0001793	0.16783216783216784	0.602099427786538	n
N0.HOG0002938	0.28021058733533855	0.3776981560766677	n
N0.HOG0000693	0.14929322993226435	0.6433004037991689	n
N0.HOG0005613	0.02491497653096756	0.9387365198143007	n
N0.HOG0003126	0.08957593795935859	0.7819006272034151	n
N0.HOG0000960	0.37762237762237766	0.22620604493502663	n
N0.HOG0000345	-0.5293330621827873	0.07676426169926849	n
N0.HOG0001028	-0.10507897025075195	0.7451766219125175	n
N0.HOG0001191	-0.3846153846153847	0.21702022575997748	n
N0.HOG0000317	-0.4982995306193512	0.09918470589758405	n
N0.HOG0000689	-0.2676122697775195	0.40039240027539647	n
N0.HOG0000342	-0.37762237762237766	0.22620604493502663	n
N0.HOG0000020	-0.31468531468531474	0.31913878550330455	n
N0.HOG0003358	0.06304738215045116	0.8456637160508921	n
N0.HOG0000620	0.4755244755244756	0.11817595701303213	n
N0.HOG0000139	0.2377622377622378	0.4568008526399232	n
N0.HOG0000383	-0.16016770627050572	0.619012091466582	n
N0.HOG0001094	0.27272727272727276	0.3910967709418962	n
N0.HOG0000904	0.34965034965034975	0.2652387868927897	n
N0.HOG0001592	0.44055944055944063	0.15173503571673022	n
N0.HOG0000933	0.31468531468531474	0.31913878550330455	n
N0.HOG0001856	-0.1958041958041958	0.5419358857313175	n
N0.HOG0001765	0.1885295837911297	0.5573365380454538	n
N0.HOG0010520	-0.29004551352481495	0.3604571272621032	n
N0.HOG0000469	0.3706293706293707	0.2356210035126457	n
N0.HOG0013047	0.32745397726414505	0.2988039068232815	n
N0.HOG0007170	-0.29004551352481495	0.3604571272621032	n
N0.HOG0001134	0.4125874125874127	0.18256397857316675	n
N0.HOG0000378	-0.22377622377622378	0.48445166145539886	n
N0.HOG0000093	-0.4306731657495821	0.16222059753277357	n
N0.HOG0000715	-0.4377917304727157	0.15462561279702763	n
N0.HOG0000587	0.029004551352481495	0.9287016154017113	n
N0.HOG0000414	0.16422255292549076	0.6100427471097243	n
N0.HOG0000712	-0.028021058733533853	0.9311140674192737	n
N0.HOG0010910	0.4350682702872224	0.15750401510460624	n
N0.HOG0001420	-0.05694851778506871	0.860457510377353	n
N0.HOG0001223	0.006993006993006993	0.9827917689028476	n
N0.HOG0011280	0.0	1.0	n
N0.HOG0000120	-0.08391608391608392	0.7954145018538977	n
N0.HOG0000444	0.21678321678321683	0.49855598552418856	n
N0.HOG0003109	-0.16783216783216784	0.602099427786538	n
N0.HOG0000138	0.23140450639500973	0.46927675574955385	n
N0.HOG0002112	-0.19264477879304523	0.548602518561392	n
N0.HOG0002290	0.2867132867132868	0.36625146058358227	n
N0.HOG0003221	0.3916083916083916	0.2080634636953532	n
N0.HOG0001010	-0.09859399412855982	0.7604837400712293	n
N0.HOG0013096	-0.29004551352481495	0.3604571272621032	n
N0.HOG0000399	-0.07746670967243986	0.81087645719889	n
N0.HOG0000775	-0.006993006993006993	0.9827917689028476	n
N0.HOG0001910	0.05800910270496299	0.8578817998209817	n
N0.HOG0010885	0.4518395720782334	0.14031277047271032	n
N0.HOG0004366	-0.07474492959290267	0.8174207303894088	n
N0.HOG0003725	0.3843103054203798	0.2174161895643392	n
N0.HOG0000024	-0.23117373455165427	0.4697325571728438	n
N0.HOG0002051	0.24168163157672948	0.4491887440384277	n
N0.HOG0000903	0.034965034965034975	0.9140933424107598	n
N0.HOG0002140	0.11188811188811189	0.729194990751066	n
N0.HOG0001253	-0.4055944055944056	0.19083587400450033	n
N0.HOG0001114	0.3916083916083916	0.2080634636953532	n
N0.HOG0000541	0.01751316170845866	0.9569188239005484	n
N0.HOG0000198	0.5034965034965035	0.09515736659412469	n
N0.HOG0001445	0.5314685314685316	0.07536233505348364	n
N0.HOG0001065	0.4895104895104896	0.106252371759346	n
N0.HOG0005541	0.14685314685314685	0.6487957097846664	n
N0.HOG0000303	-0.22377622377622378	0.48445166145539886	n
N0.HOG0001098	0.41331061631962435	0.1817214774016019	n
N0.HOG0000141	0.2937062937062937	0.35414764123292175	n
N0.HOG0003949	0.1885295837911297	0.5573365380454538	n
N0.HOG0001170	-0.02097902097902098	0.9484022252365223	n
N0.HOG0000767	-0.6853146853146854	0.013905968814362752	n
N0.HOG0000039	-0.21678321678321683	0.49855598552418856	n
N0.HOG0001097	0.1996500434764287	0.5338670484331346	n
N0.HOG0000108	0.5734265734265735	0.05126558978649144	n
N0.HOG0011509	0.41331061631962435	0.1817214774016019	n
N0.HOG0000142	-0.39860139860139865	0.19933549461780897	n
N0.HOG0000640	0.1690182756489597	0.599497869823576	n
N0.HOG0001487	0.10489510489510491	0.7456094809807079	n
N0.HOG0000375	0.17482517482517487	0.5868236643627043	n
N0.HOG0000750	-0.2253577008652796	0.4812874129466269	n
N0.HOG0002142	0.3045477892010557	0.3358099009982606	n
N0.HOG0000445	0.16783216783216784	0.602099427786538	n
N0.HOG0000088	0.5804195804195805	0.04785597684206058	n
N0.HOG0000340	0.2164751834017833	0.49918144736239667	n
N0.HOG0017274	-0.11972127858467978	0.7109318595190937	n
N0.HOG0001099	0.3844024950492138	0.21729649021825165	n
N0.HOG0000090	0.1258741258741259	0.6966831093957659	n
N0.HOG0014559	0.10677847084700383	0.741178844273399	n
N0.HOG0003120	0.22067550641714126	0.49068300396895215	n
N0.HOG0002489	0.2937062937062937	0.35414764123292175	n
N0.HOG0000653	-0.21678321678321683	0.49855598552418856	n
N0.HOG0000669	0.49650349650349657	0.10060263183225483	n
N0.HOG0000836	0.1126788504326398	0.7273453279440116	n
N0.HOG0003159	0.3450789794499594	0.2719649798075829	n
N0.HOG0000572	0.6293706293706295	0.02831967129576002	n
N0.HOG0000260	0.3426573426573427	0.27556745095678037	n
N0.HOG0001569	-0.5954474980875943	0.041074783467649034	n
N0.HOG0000394	0.29004551352481495	0.3604571272621032	n
N0.HOG0002165	0.21834391465156391	0.4953923823848684	n
N0.HOG0000016	0.09090909090909093	0.7787253962454419	n
N0.HOG0012076	-0.46234746910330854	0.13018583568230105	n
N0.HOG0000902	-0.17513161708458658	0.5861577321261827	n
N0.HOG0001379	0.7189750370364925	0.008413264231901082	n
N0.HOG0000894	0.29422111670210543	0.35326505938428154	n
N0.HOG0000071	0.17482517482517487	0.5868236643627043	n
N0.HOG0002197	-0.21678321678321683	0.49855598552418856	n
N0.HOG0000385	0.08701365405744448	0.788011888658888	n
N0.HOG0000522	-0.2687278138780758	0.39835564937250534	n
N0.HOG0000648	0.05800910270496299	0.8578817998209817	n
N0.HOG0000688	0.3450789794499594	0.2719649798075829	n
N0.HOG0000304	0.28721585201872196	0.3653744519387	n
N0.HOG0000680	0.3216783216783217	0.30790987618065263	n
N0.HOG0000112	0.6433566433566434	0.024003191200713644	n
N0.HOG0000554	0.18881118881118883	0.5567370561768314	n
N0.HOG0000854	0.08406317620060154	0.7950626235050116	n
N0.HOG0000756	0.1885295837911297	0.5573365380454538	n
N0.HOG0000121	-0.3216783216783217	0.30790987618065263	n
N0.HOG0000242	0.7412587412587414	0.005801150474478243	n
N0.HOG0001324	0.3132168478178779	0.3215249574768022	n
N0.HOG0000008	0.25379849088484935	0.42604438789552435	n
N0.HOG0000078	-0.6783216783216784	0.0153173290532817	n
N0.HOG0001501	0.027972027972027972	0.9312343512018808	n
N0.HOG0000161	-0.028021058733533853	0.9311140674192737	n
N0.HOG0000221	0.5104895104895105	0.08991373630263913	n
N0.HOG0000424	0.4278171324491021	0.16533295676407875	n
N0.HOG0001260	0.31690926684179943	0.31554360361640527	n
N0.HOG0000921	0.3993000869528574	0.19847601803143652	n
N0.HOG0000654	-0.2517482517482518	0.42991878503288405	n
N0.HOG0000786	0.04895104895104895	0.8799185788786749	n
N0.HOG0000915	0.5034965034965035	0.09515736659412469	n
N0.HOG0000316	0.06993006993006995	0.8290236405313092	n
N0.HOG0001928	0.07042428152039987	0.827831199192635	n
N0.HOG0011923	-0.05800910270496299	0.8578817998209817	n
N0.HOG0001973	-0.14816194208498978	0.6458461551589187	n
N0.HOG0000709	-0.1258741258741259	0.6966831093957659	n
N0.HOG0000468	0.17482517482517487	0.5868236643627043	n
N0.HOG0000862	0.2746546979295595	0.38762285059130586	n
N0.HOG0002740	0.1885295837911297	0.5573365380454538	n
N0.HOG0005786	-0.15384615384615385	0.6330906812462618	n
N0.HOG0012011	0.21834391465156391	0.4953923823848684	n
N0.HOG0000165	0.28873955423363945	0.36272223973310513	n
N0.HOG0001272	-0.1258741258741259	0.6966831093957659	n
N0.HOG0000409	0.6549079545282901	0.020815766877094483	n
N0.HOG0002614	0.46234746910330854	0.13018583568230105	n
N0.HOG0000985	-0.2101579405015039	0.512085328993753	n
N0.HOG0000095	-0.06293706293706294	0.8459309212287789	n
N0.HOG0000127	0.3426573426573427	0.27556745095678037	n
N0.HOG0001225	-0.2676122697775195	0.40039240027539647	n
N0.HOG0001579	0.4057581892186145	0.19063953591847155	n
N0.HOG0000505	0.5384615384615385	0.07089431754922315	n
N0.HOG0000072	0.5244755244755246	0.08001937592027475	n
N0.HOG0001419	-0.1258741258741259	0.6966831093957659	n
N0.HOG0000315	0.09090909090909093	0.7787253962454419	n
N0.HOG0000467	0.25874125874125875	0.41677476889913834	n
N0.HOG0000827	0.4568216838015835	0.13544995826746495	n
N0.HOG0001072	-0.1377716189242871	0.6693880133068077	n
N0.HOG0012589	0.4568216838015835	0.13544995826746495	n
N0.HOG0002240	-0.07042428152039987	0.827831199192635	n
N0.HOG0001942	-0.2755432378485742	0.38602672186304166	n
N0.HOG0001925	0.40846083281831924	0.18741773178386253	n
N0.HOG0001299	0.2937062937062937	0.35414764123292175	n
N0.HOG0000506	-0.18881118881118883	0.5567370561768314	n
N0.HOG0000777	0.2797202797202798	0.37856866966230307	n
N0.HOG0000050	0.37762237762237766	0.22620604493502663	n
N0.HOG0001194	0.029004551352481495	0.9287016154017113	n
N0.HOG0001703	-0.16783216783216784	0.602099427786538	n
N0.HOG0003058	0.15384615384615385	0.6330906812462618	n
N0.HOG0002146	-0.14685314685314685	0.6487957097846664	n
N0.HOG0000690	-0.2657342657342658	0.40383308831471165	n
N0.HOG0002468	0.04195804195804196	0.8969858708195542	n
N0.HOG0000514	0.3356643356643357	0.2861229029149875	n
N0.HOG0000092	0.029858645986452867	0.9266070156694299	n
N0.HOG0011866	0.18914214645135352	0.5560328502017109	n
N0.HOG0001145	0.5664335664335665	0.054842119775407844	n
N0.HOG0000626	-0.2867132867132868	0.36625146058358227	n
N0.HOG0000884	0.1398601398601399	0.6646331617926677	n
N0.HOG0000798	-0.2253577008652796	0.4812874129466269	n
N0.HOG0000686	-0.11188811188811189	0.729194990751066	n
N0.HOG0000241	0.2027972027972028	0.5273023541661082	n
N0.HOG0000550	0.021015794050150385	0.9483118884972519	n
N0.HOG0000157	-0.10489510489510491	0.7456094809807079	n
N0.HOG0001112	-0.10489510489510491	0.7456094809807079	n
N0.HOG0000166	0.5034965034965035	0.09515736659412469	n
N0.HOG0000549	0.013986013986013986	0.9655902689187795	n
N0.HOG0001218	0.24203120058654198	0.44851277797292655	n
N0.HOG0004409	-0.18864196516304008	0.5570972684616313	n
N0.HOG0000673	-0.15660842390893895	0.6269248019462761	n
N0.HOG0001492	0.41999531866488177	0.17404880649770288	n
N0.HOG0007210	-0.14816194208498978	0.6458461551589187	n
N0.HOG0001239	-0.3356643356643357	0.2861229029149875	n
N0.HOG0000220	-0.16783216783216784	0.602099427786538	n
N0.HOG0000248	0.07251137838120374	0.8227991261167644	n
N0.HOG0002868	-0.1126788504326398	0.7273453279440116	n
N0.HOG0000926	0.09965990612387024	0.7579621900716275	n
N0.HOG0001054	-0.21678321678321683	0.49855598552418856	n
N0.HOG0003778	0.3846153846153847	0.21702022575997748	n
N0.HOG0000978	0.4545454545454546	0.13765791634772945	n
N0.HOG0019705	0.1885295837911297	0.5573365380454538	n
N0.HOG0008498	0.07042428152039987	0.827831199192635	n
N0.HOG0005513	0.2031526758181204	0.5265630529109769	n
N0.HOG0013503	-0.34325796948578974	0.27467140968540055	n
N0.HOG0001777	0.3943759765142393	0.20458190665795498	n
N0.HOG0000668	0.23076923076923078	0.470531995381542	n
N0.HOG0000194	-0.4640728216397039	0.12856990475703262	n
N0.HOG0001040	0.29578198238567943	0.3505963593981538	n
N0.HOG0001774	0.10823759170089164	0.7377511951161495	n
N0.HOG0001557	-0.28721585201872196	0.3653744519387	n
N0.HOG0001693	0.28873955423363945	0.36272223973310513	n
N0.HOG0000045	0.1188811188811189	0.712884219214772	n
N0.HOG0000244	0.1958041958041958	0.5419358857313175	n
N0.HOG0002244	0.4755244755244756	0.11817595701303213	n
N0.HOG0001274	0.19614741113473694	0.5412137259515317	n
N0.HOG0001030	-0.2797202797202798	0.37856866966230307	n
N0.HOG0002579	0.21716320518488735	0.49778490192726343	n
N0.HOG0000049	0.5524475524475525	0.06251148327961512	n
N0.HOG0000707	0.4859275424907591	0.1092271849290281	n
N0.HOG0001077	0.24653868649609267	0.43984026997998227	n
